"Region","Country","Target","Indicator Number","Indicator Name","Year","Value","Metadata"
"SDG: Central and Southern Asia","Afghanistan","4.a","4.a.1","Proportion of primary schools with access to electricity (%)","2019","16.12",""
"SDG: Central and Southern Asia","Afghanistan","4.a","4.a.1","Proportion of primary schools with access to electricity (%)","2018","12.16",""
"SDG: Latin America and the Caribbean","Anguilla","4.a","4.a.1","Proportion of primary schools with access to electricity (%)","2019","100.00",""
"SDG: Europe and Northern America","Albania","4.a","4.a.1","Proportion of primary schools with access to electricity (%)","2018","94.09",""
"SDG: Europe and Northern America","Albania","4.a","4.a.1","Proportion of primary schools with access to electricity (%)","2020","100.00",""
"SDG: Europe and Northern America","Albania","4.a","4.a.1","Proportion of primary schools with access to electricity (%)","2021","100.00",""
"SDG: Europe and Northern America","Albania","4.a","4.a.1","Proportion of primary schools with access to electricity (%)","2019","97.71",""
"SDG: Europe and Northern America","Andorra","4.a","4.a.1","Proportion of primary schools with access to electricity (%)","2020","100.00",""
"SDG: Europe and Northern America","Andorra","4.a","4.a.1","Proportion of primary schools with access to electricity (%)","2018","100.00",""
"SDG: Europe and Northern America","Andorra","4.a","4.a.1","Proportion of primary schools with access to electricity (%)","2021","100.00",""
"SDG: Europe and Northern America","Andorra","4.a","4.a.1","Proportion of primary schools with access to electricity (%)","2019","100.00",""
"SDG: Europe and Northern America","Andorra","4.a","4.a.1","Proportion of primary schools with access to electricity (%)","2022","100.00",""
"SDG: Northern Africa and Western Asia","United Arab Emirates","4.a","4.a.1","Proportion of primary schools with access to electricity (%)","2019","100.00",""
"SDG: Northern Africa and Western Asia","United Arab Emirates","4.a","4.a.1","Proportion of primary schools with access to electricity (%)","2020","100.00",""
"SDG: Latin America and the Caribbean","Argentina","4.a","4.a.1","Proportion of primary schools with access to electricity (%)","2019","97.72",""
"SDG: Latin America and the Caribbean","Argentina","4.a","4.a.1","Proportion of primary schools with access to electricity (%)","2020","98.05",""
"SDG: Latin America and the Caribbean","Argentina","4.a","4.a.1","Proportion of primary schools with access to electricity (%)","2018","96.73",""
"SDG: Latin America and the Caribbean","Argentina","4.a","4.a.1","Proportion of primary schools with access to electricity (%)","2021","97.18",""
"SDG: Northern Africa and Western Asia","Armenia","4.a","4.a.1","Proportion of primary schools with access to electricity (%)","2019","100.00",""
"SDG: Northern Africa and Western Asia","Armenia","4.a","4.a.1","Proportion of primary schools with access to electricity (%)","2022","100.00",""
"SDG: Northern Africa and Western Asia","Armenia","4.a","4.a.1","Proportion of primary schools with access to electricity (%)","2021","100.00",""
"SDG: Northern Africa and Western Asia","Armenia","4.a","4.a.1","Proportion of primary schools with access to electricity (%)","2018","100.00",""
"SDG: Northern Africa and Western Asia","Armenia","4.a","4.a.1","Proportion of primary schools with access to electricity (%)","2020","100.00",""
"SDG: Latin America and the Caribbean","Antigua and Barbuda","4.a","4.a.1","Proportion of primary schools with access to electricity (%)","2018","100.00",""
"SDG: Oceania","Australia","4.a","4.a.1","Proportion of primary schools with access to electricity (%)","2018","100.00",""
"SDG: Oceania","Australia","4.a","4.a.1","Proportion of primary schools with access to electricity (%)","2020","100.00",""
"SDG: Oceania","Australia","4.a","4.a.1","Proportion of primary schools with access to electricity (%)","2021","100.00",""
"SDG: Oceania","Australia","4.a","4.a.1","Proportion of primary schools with access to electricity (%)","2019","100.00",""
"SDG: Europe and Northern America","Austria","4.a","4.a.1","Proportion of primary schools with access to electricity (%)","2018","100.00",""
"SDG: Europe and Northern America","Austria","4.a","4.a.1","Proportion of primary schools with access to electricity (%)","2020","100.00",""
"SDG: Europe and Northern America","Austria","4.a","4.a.1","Proportion of primary schools with access to electricity (%)","2021","100.00",""
"SDG: Europe and Northern America","Austria","4.a","4.a.1","Proportion of primary schools with access to electricity (%)","2022","100.00",""
"SDG: Europe and Northern America","Austria","4.a","4.a.1","Proportion of primary schools with access to electricity (%)","2019","100.00",""
"SDG: Northern Africa and Western Asia","Azerbaijan","4.a","4.a.1","Proportion of primary schools with access to electricity (%)","2020","100.00",""
"SDG: Northern Africa and Western Asia","Azerbaijan","4.a","4.a.1","Proportion of primary schools with access to electricity (%)","2021","100.00",""
"SDG: Northern Africa and Western Asia","Azerbaijan","4.a","4.a.1","Proportion of primary schools with access to electricity (%)","2019","100.00",""
"SDG: Northern Africa and Western Asia","Azerbaijan","4.a","4.a.1","Proportion of primary schools with access to electricity (%)","2018","100.00",""
"SDG: Northern Africa and Western Asia","Azerbaijan","4.a","4.a.1","Proportion of primary schools with access to electricity (%)","2022","100.00",""
"SDG: Sub-Saharan Africa","Burundi","4.a","4.a.1","Proportion of primary schools with access to electricity (%)","2018","8.44",""
"SDG: Sub-Saharan Africa","Burundi","4.a","4.a.1","Proportion of primary schools with access to electricity (%)","2019","8.73",""
"SDG: Europe and Northern America","Belgium","4.a","4.a.1","Proportion of primary schools with access to electricity (%)","2018","100.00",""
"SDG: Sub-Saharan Africa","Benin","4.a","4.a.1","Proportion of primary schools with access to electricity (%)","2022","33.66",""
"SDG: Sub-Saharan Africa","Benin","4.a","4.a.1","Proportion of primary schools with access to electricity (%)","2021","33.10",""
"SDG: Sub-Saharan Africa","Benin","4.a","4.a.1","Proportion of primary schools with access to electricity (%)","2020","33.82",""
"SDG: Sub-Saharan Africa","Benin","4.a","4.a.1","Proportion of primary schools with access to electricity (%)","2019","28.04",""
"SDG: Sub-Saharan Africa","Benin","4.a","4.a.1","Proportion of primary schools with access to electricity (%)","2018","25.59",""
"SDG: Sub-Saharan Africa","Burkina Faso","4.a","4.a.1","Proportion of primary schools with access to electricity (%)","2020","23.21",""
"SDG: Sub-Saharan Africa","Burkina Faso","4.a","4.a.1","Proportion of primary schools with access to electricity (%)","2019","20.69",""
"SDG: Sub-Saharan Africa","Burkina Faso","4.a","4.a.1","Proportion of primary schools with access to electricity (%)","2021","26.13",""
"SDG: Sub-Saharan Africa","Burkina Faso","4.a","4.a.1","Proportion of primary schools with access to electricity (%)","2022","27.70",""
"SDG: Sub-Saharan Africa","Burkina Faso","4.a","4.a.1","Proportion of primary schools with access to electricity (%)","2018","19.21",""
"SDG: Central and Southern Asia","Bangladesh","4.a","4.a.1","Proportion of primary schools with access to electricity (%)","2020","75.77","SOURCE: UIS Dynamic Template with data from the UIS Education Survey"
"SDG: Central and Southern Asia","Bangladesh","4.a","4.a.1","Proportion of primary schools with access to electricity (%)","2021","75.77","SOURCE:  Country submission ()"
"SDG: Central and Southern Asia","Bangladesh","4.a","4.a.1","Proportion of primary schools with access to electricity (%)","2022","95.04","SOURCE:  Country submission ()"
"SDG: Northern Africa and Western Asia","Bahrain","4.a","4.a.1","Proportion of primary schools with access to electricity (%)","2018","100.00",""
"SDG: Northern Africa and Western Asia","Bahrain","4.a","4.a.1","Proportion of primary schools with access to electricity (%)","2022","100.00",""
"SDG: Northern Africa and Western Asia","Bahrain","4.a","4.a.1","Proportion of primary schools with access to electricity (%)","2019","100.00",""
"SDG: Northern Africa and Western Asia","Bahrain","4.a","4.a.1","Proportion of primary schools with access to electricity (%)","2020","100.00",""
"SDG: Europe and Northern America","Belarus","4.a","4.a.1","Proportion of primary schools with access to electricity (%)","2020","100.00",""
"SDG: Europe and Northern America","Belarus","4.a","4.a.1","Proportion of primary schools with access to electricity (%)","2018","100.00",""
"SDG: Europe and Northern America","Belarus","4.a","4.a.1","Proportion of primary schools with access to electricity (%)","2022","100.00",""
"SDG: Europe and Northern America","Belarus","4.a","4.a.1","Proportion of primary schools with access to electricity (%)","2019","100.00",""
"SDG: Europe and Northern America","Belarus","4.a","4.a.1","Proportion of primary schools with access to electricity (%)","2021","100.00",""
"SDG: Latin America and the Caribbean","Barbados","4.a","4.a.1","Proportion of primary schools with access to electricity (%)","2019","100.00",""
"SDG: Latin America and the Caribbean","Barbados","4.a","4.a.1","Proportion of primary schools with access to electricity (%)","2022","100.00",""
"SDG: Latin America and the Caribbean","Barbados","4.a","4.a.1","Proportion of primary schools with access to electricity (%)","2018","100.00",""
"SDG: Latin America and the Caribbean","Barbados","4.a","4.a.1","Proportion of primary schools with access to electricity (%)","2021","100.00",""
"SDG: Latin America and the Caribbean","Barbados","4.a","4.a.1","Proportion of primary schools with access to electricity (%)","2020","100.00",""
"SDG: Eastern and South-Eastern Asia","Brunei Darussalam","4.a","4.a.1","Proportion of primary schools with access to electricity (%)","2019","100.00",""
"SDG: Eastern and South-Eastern Asia","Brunei Darussalam","4.a","4.a.1","Proportion of primary schools with access to electricity (%)","2018","100.00",""
"SDG: Eastern and South-Eastern Asia","Brunei Darussalam","4.a","4.a.1","Proportion of primary schools with access to electricity (%)","2020","100.00",""
"SDG: Central and Southern Asia","Bhutan","4.a","4.a.1","Proportion of primary schools with access to electricity (%)","2018","88.64","SOURCE:  ANNUAL EDUCATION STATISTICS 2018 (http://www.education.gov.bt/index.php/publications/)"
"SDG: Central and Southern Asia","Bhutan","4.a","4.a.1","Proportion of primary schools with access to electricity (%)","2021","88.21","SOURCE:  ANNUAL EDUCATION STATISTICS 2021 (http://www.education.gov.bt/index.php/publications/)"
"SDG: Central and Southern Asia","Bhutan","4.a","4.a.1","Proportion of primary schools with access to electricity (%)","2020","94.67",""
"SDG: Central and Southern Asia","Bhutan","4.a","4.a.1","Proportion of primary schools with access to electricity (%)","2022","97.33","SOURCE:  ANNUAL EDUCATION STATISTICS 2022 (http://www.education.gov.bt/wp-content/uploads/2023/01/AES-2022-Final.pdf)"
"SDG: Europe and Northern America","Switzerland","4.a","4.a.1","Proportion of primary schools with access to electricity (%)","2019","100.00",""
"SDG: Europe and Northern America","Switzerland","4.a","4.a.1","Proportion of primary schools with access to electricity (%)","2018","100.00",""
"SDG: Eastern and South-Eastern Asia","China","4.a","4.a.1","Proportion of primary schools with access to electricity (%)","2022","99.20",""
"SDG: Eastern and South-Eastern Asia","China","4.a","4.a.1","Proportion of primary schools with access to electricity (%)","2021","99.43",""
"SDG: Eastern and South-Eastern Asia","China","4.a","4.a.1","Proportion of primary schools with access to electricity (%)","2018","99.25",""
"SDG: Eastern and South-Eastern Asia","China","4.a","4.a.1","Proportion of primary schools with access to electricity (%)","2019","99.36",""
"SDG: Eastern and South-Eastern Asia","China","4.a","4.a.1","Proportion of primary schools with access to electricity (%)","2020","99.44",""
"SDG: Sub-Saharan Africa","Côte d'Ivoire","4.a","4.a.1","Proportion of primary schools with access to electricity (%)","2022","66.04",""
"SDG: Sub-Saharan Africa","Côte d'Ivoire","4.a","4.a.1","Proportion of primary schools with access to electricity (%)","2019","45.84",""
"SDG: Sub-Saharan Africa","Côte d'Ivoire","4.a","4.a.1","Proportion of primary schools with access to electricity (%)","2018","38.22",""
"SDG: Sub-Saharan Africa","Côte d'Ivoire","4.a","4.a.1","Proportion of primary schools with access to electricity (%)","2021","60.36",""
"SDG: Sub-Saharan Africa","Côte d'Ivoire","4.a","4.a.1","Proportion of primary schools with access to electricity (%)","2020","61.09",""
"SDG: Sub-Saharan Africa","Cameroon","4.a","4.a.1","Proportion of primary schools with access to electricity (%)","2020","26.38","SOURCE:  2019/2020 Statistical Yearbook (http://www.minedub.cm/uploads/media/MINEDUB_Statistical_Yearbook_2019_2020_01.pdf)"
"SDG: Sub-Saharan Africa","Cameroon","4.a","4.a.1","Proportion of primary schools with access to electricity (%)","2021","32.69",""
"SDG: Sub-Saharan Africa","Cameroon","4.a","4.a.1","Proportion of primary schools with access to electricity (%)","2022","35.73",""
"SDG: Sub-Saharan Africa","Cameroon","4.a","4.a.1","Proportion of primary schools with access to electricity (%)","2019","29.13","SOURCE:  PASEC 2019 avg G2 & G6 (percent of students at schools with the specified characteristic)"
"SDG: Sub-Saharan Africa","Cameroon","4.a","4.a.1","Proportion of primary schools with access to electricity (%)","2018","27.74",""
"SDG: Sub-Saharan Africa","Democratic Republic of the Congo","4.a","4.a.1","Proportion of primary schools with access to electricity (%)","2019","16.61","SOURCE:  PASEC 2019 avg G2 & G6 (percent of students at schools with the specified characteristic)"
"SDG: Sub-Saharan Africa","Democratic Republic of the Congo","4.a","4.a.1","Proportion of primary schools with access to electricity (%)","2021","11.04",""
"SDG: Sub-Saharan Africa","Congo","4.a","4.a.1","Proportion of primary schools with access to electricity (%)","2019","33.99","SOURCE:  PASEC 2019 avg G2 & G6 (percent of students at schools with the specified characteristic)"
"SDG: Sub-Saharan Africa","Congo","4.a","4.a.1","Proportion of primary schools with access to electricity (%)","2018","24.10",""
"SDG: Oceania","Cook Islands","4.a","4.a.1","Proportion of primary schools with access to electricity (%)","2019","100.00",""
"SDG: Oceania","Cook Islands","4.a","4.a.1","Proportion of primary schools with access to electricity (%)","2021","100.00",""
"SDG: Oceania","Cook Islands","4.a","4.a.1","Proportion of primary schools with access to electricity (%)","2022","100.00",""
"SDG: Oceania","Cook Islands","4.a","4.a.1","Proportion of primary schools with access to electricity (%)","2020","100.00",""
"SDG: Oceania","Cook Islands","4.a","4.a.1","Proportion of primary schools with access to electricity (%)","2018","100.00",""
"SDG: Latin America and the Caribbean","Colombia","4.a","4.a.1","Proportion of primary schools with access to electricity (%)","2021","85.06",""
"SDG: Latin America and the Caribbean","Colombia","4.a","4.a.1","Proportion of primary schools with access to electricity (%)","2020","85.96",""
"SDG: Latin America and the Caribbean","Colombia","4.a","4.a.1","Proportion of primary schools with access to electricity (%)","2019","87.12",""
"SDG: Sub-Saharan Africa","Cabo Verde","4.a","4.a.1","Proportion of primary schools with access to electricity (%)","2018","79.27",""
"SDG: Sub-Saharan Africa","Cabo Verde","4.a","4.a.1","Proportion of primary schools with access to electricity (%)","2019","86.91",""
"SDG: Latin America and the Caribbean","Costa Rica","4.a","4.a.1","Proportion of primary schools with access to electricity (%)","2019","99.13",""
"SDG: Latin America and the Caribbean","Costa Rica","4.a","4.a.1","Proportion of primary schools with access to electricity (%)","2018","96.15",""
"SDG: Latin America and the Caribbean","Costa Rica","4.a","4.a.1","Proportion of primary schools with access to electricity (%)","2020","99.44",""
"SDG: Latin America and the Caribbean","Cuba","4.a","4.a.1","Proportion of primary schools with access to electricity (%)","2018","100.00",""
"SDG: Latin America and the Caribbean","Cuba","4.a","4.a.1","Proportion of primary schools with access to electricity (%)","2021","100.00",""
"SDG: Latin America and the Caribbean","Cuba","4.a","4.a.1","Proportion of primary schools with access to electricity (%)","2022","100.00",""
"SDG: Latin America and the Caribbean","Cuba","4.a","4.a.1","Proportion of primary schools with access to electricity (%)","2020","100.00",""
"SDG: Latin America and the Caribbean","Cuba","4.a","4.a.1","Proportion of primary schools with access to electricity (%)","2019","100.00",""
"SDG: Latin America and the Caribbean","Cayman Islands","4.a","4.a.1","Proportion of primary schools with access to electricity (%)","2020","100.00",""
"SDG: Latin America and the Caribbean","Cayman Islands","4.a","4.a.1","Proportion of primary schools with access to electricity (%)","2018","100.00",""
"SDG: Europe and Northern America","Czechia","4.a","4.a.1","Proportion of primary schools with access to electricity (%)","2018","100.00",""
"SDG: Europe and Northern America","Czechia","4.a","4.a.1","Proportion of primary schools with access to electricity (%)","2022","100.00",""
"SDG: Europe and Northern America","Czechia","4.a","4.a.1","Proportion of primary schools with access to electricity (%)","2019","100.00",""
"SDG: Europe and Northern America","Czechia","4.a","4.a.1","Proportion of primary schools with access to electricity (%)","2021","100.00",""
"SDG: Europe and Northern America","Czechia","4.a","4.a.1","Proportion of primary schools with access to electricity (%)","2020","100.00",""
"SDG: Europe and Northern America","Germany","4.a","4.a.1","Proportion of primary schools with access to electricity (%)","2019","100.00",""
"SDG: Europe and Northern America","Germany","4.a","4.a.1","Proportion of primary schools with access to electricity (%)","2020","100.00",""
"SDG: Europe and Northern America","Germany","4.a","4.a.1","Proportion of primary schools with access to electricity (%)","2018","100.00",""
"SDG: Europe and Northern America","Germany","4.a","4.a.1","Proportion of primary schools with access to electricity (%)","2021","100.00",""
"SDG: Sub-Saharan Africa","Djibouti","4.a","4.a.1","Proportion of primary schools with access to electricity (%)","2022","84.76",""
"SDG: Sub-Saharan Africa","Djibouti","4.a","4.a.1","Proportion of primary schools with access to electricity (%)","2021","84.80",""
"SDG: Latin America and the Caribbean","Dominica","4.a","4.a.1","Proportion of primary schools with access to electricity (%)","2019","100.00",""
"SDG: Latin America and the Caribbean","Dominica","4.a","4.a.1","Proportion of primary schools with access to electricity (%)","2021","100.00",""
"SDG: Latin America and the Caribbean","Dominica","4.a","4.a.1","Proportion of primary schools with access to electricity (%)","2020","100.00",""
"SDG: Europe and Northern America","Denmark","4.a","4.a.1","Proportion of primary schools with access to electricity (%)","2021","100.00",""
"SDG: Europe and Northern America","Denmark","4.a","4.a.1","Proportion of primary schools with access to electricity (%)","2022","100.00",""
"SDG: Europe and Northern America","Denmark","4.a","4.a.1","Proportion of primary schools with access to electricity (%)","2020","100.00",""
"SDG: Europe and Northern America","Denmark","4.a","4.a.1","Proportion of primary schools with access to electricity (%)","2018","100.00",""
"SDG: Europe and Northern America","Denmark","4.a","4.a.1","Proportion of primary schools with access to electricity (%)","2019","100.00",""
"SDG: Latin America and the Caribbean","Dominican Republic","4.a","4.a.1","Proportion of primary schools with access to electricity (%)","2022","90.14",""
"SDG: Northern Africa and Western Asia","Algeria","4.a","4.a.1","Proportion of primary schools with access to electricity (%)","2022","99.72",""
"SDG: Northern Africa and Western Asia","Algeria","4.a","4.a.1","Proportion of primary schools with access to electricity (%)","2023","99.80",""
"SDG: Northern Africa and Western Asia","Algeria","4.a","4.a.1","Proportion of primary schools with access to electricity (%)","2020","99.29",""
"SDG: Northern Africa and Western Asia","Algeria","4.a","4.a.1","Proportion of primary schools with access to electricity (%)","2021","99.31",""
"SDG: Latin America and the Caribbean","Ecuador","4.a","4.a.1","Proportion of primary schools with access to electricity (%)","2018","78.89",""
"SDG: Latin America and the Caribbean","Ecuador","4.a","4.a.1","Proportion of primary schools with access to electricity (%)","2019","77.07",""
"SDG: Latin America and the Caribbean","Ecuador","4.a","4.a.1","Proportion of primary schools with access to electricity (%)","2022","80.50",""
"SDG: Latin America and the Caribbean","Ecuador","4.a","4.a.1","Proportion of primary schools with access to electricity (%)","2021","79.90",""
"SDG: Latin America and the Caribbean","Ecuador","4.a","4.a.1","Proportion of primary schools with access to electricity (%)","2020","79.10",""
"SDG: Sub-Saharan Africa","Eritrea","4.a","4.a.1","Proportion of primary schools with access to electricity (%)","2018","28.67",""
"SDG: Europe and Northern America","Spain","4.a","4.a.1","Proportion of primary schools with access to electricity (%)","2021","100.00",""
"SDG: Europe and Northern America","Spain","4.a","4.a.1","Proportion of primary schools with access to electricity (%)","2019","100.00",""
"SDG: Europe and Northern America","Spain","4.a","4.a.1","Proportion of primary schools with access to electricity (%)","2020","100.00",""
"SDG: Europe and Northern America","Spain","4.a","4.a.1","Proportion of primary schools with access to electricity (%)","2018","100.00",""
"SDG: Europe and Northern America","Estonia","4.a","4.a.1","Proportion of primary schools with access to electricity (%)","2018","100.00",""
"SDG: Europe and Northern America","Estonia","4.a","4.a.1","Proportion of primary schools with access to electricity (%)","2020","100.00",""
"SDG: Europe and Northern America","Estonia","4.a","4.a.1","Proportion of primary schools with access to electricity (%)","2019","100.00",""
"SDG: Europe and Northern America","Estonia","4.a","4.a.1","Proportion of primary schools with access to electricity (%)","2021","100.00",""
"SDG: Sub-Saharan Africa","Ethiopia","4.a","4.a.1","Proportion of primary schools with access to electricity (%)","2020","26.93",""
"SDG: Sub-Saharan Africa","Ethiopia","4.a","4.a.1","Proportion of primary schools with access to electricity (%)","2021","27.73",""
"SDG: Europe and Northern America","Finland","4.a","4.a.1","Proportion of primary schools with access to electricity (%)","2018","100.00",""
"SDG: Europe and Northern America","Finland","4.a","4.a.1","Proportion of primary schools with access to electricity (%)","2020","100.00",""
"SDG: Europe and Northern America","Finland","4.a","4.a.1","Proportion of primary schools with access to electricity (%)","2019","100.00",""
"SDG: Europe and Northern America","Finland","4.a","4.a.1","Proportion of primary schools with access to electricity (%)","2021","100.00",""
"SDG: Oceania","Fiji","4.a","4.a.1","Proportion of primary schools with access to electricity (%)","2022","89.15","SOURCE: UIS Dynamic Template with data from the UIS Education Survey"
"SDG: Oceania","Fiji","4.a","4.a.1","Proportion of primary schools with access to electricity (%)","2021","96.41","SOURCE: UIS Dynamic Template with data from the UIS Education Survey"
"SDG: Europe and Northern America","France","4.a","4.a.1","Proportion of primary schools with access to electricity (%)","2022","100.00",""
"SDG: Europe and Northern America","France","4.a","4.a.1","Proportion of primary schools with access to electricity (%)","2019","100.00",""
"SDG: Europe and Northern America","France","4.a","4.a.1","Proportion of primary schools with access to electricity (%)","2021","100.00",""
"SDG: Europe and Northern America","France","4.a","4.a.1","Proportion of primary schools with access to electricity (%)","2020","100.00",""
"SDG: Europe and Northern America","France","4.a","4.a.1","Proportion of primary schools with access to electricity (%)","2018","100.00",""
"SDG: Oceania","Micronesia (Federated States of)","4.a","4.a.1","Proportion of primary schools with access to electricity (%)","2020","78.32","SOURCE:  Education Digest 2021 (https://www.national.doe.fm/index.php/ndoe-public/education-statistics/education-digest/638-fsm-ndoe-education-statistics-digest-2021)"
"SDG: Oceania","Micronesia (Federated States of)","4.a","4.a.1","Proportion of primary schools with access to electricity (%)","2021","79.02","SOURCE:  Education Digest 2021 (https://www.national.doe.fm/index.php/ndoe-public/education-statistics/education-digest/638-fsm-ndoe-education-statistics-digest-2021)"
"SDG: Oceania","Micronesia (Federated States of)","4.a","4.a.1","Proportion of primary schools with access to electricity (%)","2018","35.37","SOURCE:  Education Digest 2018 (https://www.national.doe.fm/index.php/ndoe-public/education-statistics/education-digest)"
"SDG: Oceania","Micronesia (Federated States of)","4.a","4.a.1","Proportion of primary schools with access to electricity (%)","2022","79.02","SOURCE:  Education Digest 2022 (https://www.national.doe.fm/wp-content/uploads/2023/04/FSM-NDOE-Education-Statistics-Digest-2022.pdf)"
"SDG: Oceania","Micronesia (Federated States of)","4.a","4.a.1","Proportion of primary schools with access to electricity (%)","2019","40.69","SOURCE:  Education Digest 2021 (https://www.national.doe.fm/index.php/ndoe-public/education-statistics/education-digest/638-fsm-ndoe-education-statistics-digest-2021)"
"SDG: Sub-Saharan Africa","Gabon","4.a","4.a.1","Proportion of primary schools with access to electricity (%)","2019","70.73","SOURCE:  TOME II PRIMAIRE ()"
"SDG: Northern Africa and Western Asia","Georgia","4.a","4.a.1","Proportion of primary schools with access to electricity (%)","2018","100.00",""
"SDG: Northern Africa and Western Asia","Georgia","4.a","4.a.1","Proportion of primary schools with access to electricity (%)","2021","100.00",""
"SDG: Northern Africa and Western Asia","Georgia","4.a","4.a.1","Proportion of primary schools with access to electricity (%)","2022","100.00",""
"SDG: Northern Africa and Western Asia","Georgia","4.a","4.a.1","Proportion of primary schools with access to electricity (%)","2020","100.00",""
"SDG: Northern Africa and Western Asia","Georgia","4.a","4.a.1","Proportion of primary schools with access to electricity (%)","2019","100.00",""
"SDG: Sub-Saharan Africa","Ghana","4.a","4.a.1","Proportion of primary schools with access to electricity (%)","2020","51.74",""
"SDG: Sub-Saharan Africa","Ghana","4.a","4.a.1","Proportion of primary schools with access to electricity (%)","2021","38.85",""
"SDG: Europe and Northern America","Gibraltar","4.a","4.a.1","Proportion of primary schools with access to electricity (%)","2022","100.00",""
"SDG: Europe and Northern America","Gibraltar","4.a","4.a.1","Proportion of primary schools with access to electricity (%)","2021","100.00",""
"SDG: Europe and Northern America","Gibraltar","4.a","4.a.1","Proportion of primary schools with access to electricity (%)","2020","100.00",""
"SDG: Europe and Northern America","Gibraltar","4.a","4.a.1","Proportion of primary schools with access to electricity (%)","2019","100.00",""
"SDG: Sub-Saharan Africa","Guinea","4.a","4.a.1","Proportion of primary schools with access to electricity (%)","2020","17.07",""
"SDG: Sub-Saharan Africa","Guinea","4.a","4.a.1","Proportion of primary schools with access to electricity (%)","2021","18.38","SOURCE:  Annuaire Statistique Enseignement Primaire 2020-2021 (https://www.stat-guinee.org/images/Documents/Publications/SSN/mepua/primaire/Annuaire%20Statistique%20Primaire%202020-2021%20vf..pdf)"
"SDG: Sub-Saharan Africa","Guinea","4.a","4.a.1","Proportion of primary schools with access to electricity (%)","2019","22.83","SOURCE:  Annuaire Statistique Enseignement Primaire 2018-2019 (https://www.stat-guinee.org/images/Documents/Publications/SSN/mepua/ANNUAIRE_STATISTIQUE_DU_PRIMAIRE_2018-2019.pdf)"
"SDG: Sub-Saharan Africa","Guinea","4.a","4.a.1","Proportion of primary schools with access to electricity (%)","2018","22.28","SOURCE:  Annuaire Statistique Enseignement Primaire 2017-2018 (https://www.stat-guinee.org/images/Documents/Publications/SSN/ANNUAIRE_STATISTIQUES_DU_PRIMAIRE_2017-2018_VF.pdf)"
"SDG: Sub-Saharan Africa","Gambia","4.a","4.a.1","Proportion of primary schools with access to electricity (%)","2020","38.20",""
"SDG: Sub-Saharan Africa","Gambia","4.a","4.a.1","Proportion of primary schools with access to electricity (%)","2018","34.59","SOURCE:  EDUCATION STATISTICS 2017/2018 (http://www.edugambia.gm/data-area/publications/year-book-2018.html)"
"SDG: Sub-Saharan Africa","Gambia","4.a","4.a.1","Proportion of primary schools with access to electricity (%)","2019","34.40",""
"SDG: Sub-Saharan Africa","Gambia","4.a","4.a.1","Proportion of primary schools with access to electricity (%)","2021","39.54",""
"SDG: Latin America and the Caribbean","Grenada","4.a","4.a.1","Proportion of primary schools with access to electricity (%)","2020","100.00",""
"SDG: Latin America and the Caribbean","Grenada","4.a","4.a.1","Proportion of primary schools with access to electricity (%)","2022","100.00",""
"SDG: Latin America and the Caribbean","Grenada","4.a","4.a.1","Proportion of primary schools with access to electricity (%)","2018","100.00",""
"SDG: Eastern and South-Eastern Asia","China, Hong Kong Special Administrative Region","4.a","4.a.1","Proportion of primary schools with access to electricity (%)","2019","100.00",""
"SDG: Eastern and South-Eastern Asia","China, Hong Kong Special Administrative Region","4.a","4.a.1","Proportion of primary schools with access to electricity (%)","2022","100.00",""
"SDG: Eastern and South-Eastern Asia","China, Hong Kong Special Administrative Region","4.a","4.a.1","Proportion of primary schools with access to electricity (%)","2021","100.00",""
"SDG: Eastern and South-Eastern Asia","China, Hong Kong Special Administrative Region","4.a","4.a.1","Proportion of primary schools with access to electricity (%)","2020","100.00",""
"SDG: Eastern and South-Eastern Asia","China, Hong Kong Special Administrative Region","4.a","4.a.1","Proportion of primary schools with access to electricity (%)","2018","100.00",""
"SDG: Latin America and the Caribbean","Honduras","4.a","4.a.1","Proportion of primary schools with access to electricity (%)","2019","91.25",""
"SDG: Europe and Northern America","Hungary","4.a","4.a.1","Proportion of primary schools with access to electricity (%)","2019","91.25",""
"SDG: Eastern and South-Eastern Asia","Indonesia","4.a","4.a.1","Proportion of primary schools with access to electricity (%)","2022","97.42","SOURCE:  Country submission ()"
"SDG: Eastern and South-Eastern Asia","Indonesia","4.a","4.a.1","Proportion of primary schools with access to electricity (%)","2021","97.42","SOURCE:  Questionnaire A ()"
"SDG: Eastern and South-Eastern Asia","Indonesia","4.a","4.a.1","Proportion of primary schools with access to electricity (%)","2018","93.13",""
"SDG: Central and Southern Asia","India","4.a","4.a.1","Proportion of primary schools with access to electricity (%)","2022","85.19","SOURCE:  UDISE+ and NIOS (https://dashboard.udiseplus.gov.in/#/reportDashboard/sReport                              https://www.nios.ac.in/default.aspx)"
"SDG: Central and Southern Asia","India","4.a","4.a.1","Proportion of primary schools with access to electricity (%)","2021","77.33","SOURCE:  UDISE+ and NIOS (https://dashboard.udiseplus.gov.in/#/reportDashboard/sReport                              https://www.nios.ac.in/default.aspx)"
"SDG: Central and Southern Asia","India","4.a","4.a.1","Proportion of primary schools with access to electricity (%)","2020","76.92","SOURCE:  UIS Questionnaires A ()"
"SDG: Central and Southern Asia","India","4.a","4.a.1","Proportion of primary schools with access to electricity (%)","2018","51.84","SOURCE:  UIS Questionnaires A ()"
"SDG: Central and Southern Asia","India","4.a","4.a.1","Proportion of primary schools with access to electricity (%)","2019","65.19","SOURCE:  UIS Questionnaires A ()"
"SDG: Northern Africa and Western Asia","Israel","4.a","4.a.1","Proportion of primary schools with access to electricity (%)","2018","100.00",""
"SDG: Northern Africa and Western Asia","Israel","4.a","4.a.1","Proportion of primary schools with access to electricity (%)","2020","100.00",""
"SDG: Northern Africa and Western Asia","Israel","4.a","4.a.1","Proportion of primary schools with access to electricity (%)","2019","100.00",""
"SDG: Latin America and the Caribbean","Jamaica","4.a","4.a.1","Proportion of primary schools with access to electricity (%)","2018","99.89",""
"SDG: Latin America and the Caribbean","Jamaica","4.a","4.a.1","Proportion of primary schools with access to electricity (%)","2022","100.00",""
"SDG: Latin America and the Caribbean","Jamaica","4.a","4.a.1","Proportion of primary schools with access to electricity (%)","2019","100.00",""
"SDG: Latin America and the Caribbean","Jamaica","4.a","4.a.1","Proportion of primary schools with access to electricity (%)","2021","100.00",""
"SDG: Northern Africa and Western Asia","Jordan","4.a","4.a.1","Proportion of primary schools with access to electricity (%)","2018","100.00",""
"SDG: Northern Africa and Western Asia","Jordan","4.a","4.a.1","Proportion of primary schools with access to electricity (%)","2019","100.00",""
"SDG: Northern Africa and Western Asia","Jordan","4.a","4.a.1","Proportion of primary schools with access to electricity (%)","2021","100.00",""
"SDG: Northern Africa and Western Asia","Jordan","4.a","4.a.1","Proportion of primary schools with access to electricity (%)","2022","100.00",""
"SDG: Northern Africa and Western Asia","Jordan","4.a","4.a.1","Proportion of primary schools with access to electricity (%)","2020","100.00",""
"SDG: Central and Southern Asia","Kazakhstan","4.a","4.a.1","Proportion of primary schools with access to electricity (%)","2019","100.00","SOURCE: UIS Dynamic Template with data from the UIS Education Survey"
"SDG: Central Asia","Kazakhstan","4.a","4.a.1","Proportion of primary schools with access to electricity (%)","2019","100.00","SOURCE: UIS Dynamic Template with data from the UIS Education Survey"
"SDG: Central and Southern Asia","Kazakhstan","4.a","4.a.1","Proportion of primary schools with access to electricity (%)","2018","100.00","SOURCE: UIS Dynamic Template with data from the UIS Education Survey"
"SDG: Central Asia","Kazakhstan","4.a","4.a.1","Proportion of primary schools with access to electricity (%)","2018","100.00","SOURCE: UIS Dynamic Template with data from the UIS Education Survey"
"SDG: Central and Southern Asia","Kazakhstan","4.a","4.a.1","Proportion of primary schools with access to electricity (%)","2020","100.00","SOURCE: UIS Dynamic Template with data from the UIS Education Survey"
"SDG: Central Asia","Kazakhstan","4.a","4.a.1","Proportion of primary schools with access to electricity (%)","2020","100.00","SOURCE: UIS Dynamic Template with data from the UIS Education Survey"
"SDG: Eastern and South-Eastern Asia","Cambodia","4.a","4.a.1","Proportion of primary schools with access to electricity (%)","2022","86.81","SOURCE:  Country submission ()"
"SDG: Eastern and South-Eastern Asia","Cambodia","4.a","4.a.1","Proportion of primary schools with access to electricity (%)","2019","87.35","SOURCE:  SEAPLM 2019 (percent of students at schools with specified characteristics)"
"SDG: Eastern and South-Eastern Asia","Cambodia","4.a","4.a.1","Proportion of primary schools with access to electricity (%)","2021","75.47","SOURCE:  Country submission ()"
"SDG: Oceania","Kiribati","4.a","4.a.1","Proportion of primary schools with access to electricity (%)","2018","73.68","SOURCE:  Digest of Education Statistics 2016, Ministry of Education (https://www.moe.gov.ki/statistics)"
"SDG: Oceania","Kiribati","4.a","4.a.1","Proportion of primary schools with access to electricity (%)","2019","75.79","SOURCE:  Digest of Education Statistics 2016, Ministry of Education (https://www.moe.gov.ki/statistics)"
"SDG: Oceania","Kiribati","4.a","4.a.1","Proportion of primary schools with access to electricity (%)","2020","42.27",""
"SDG: Latin America and the Caribbean","Saint Kitts and Nevis","4.a","4.a.1","Proportion of primary schools with access to electricity (%)","2021","100.00",""
"SDG: Eastern and South-Eastern Asia","Republic of Korea","4.a","4.a.1","Proportion of primary schools with access to electricity (%)","2021","100.00",""
"SDG: Eastern and South-Eastern Asia","Republic of Korea","4.a","4.a.1","Proportion of primary schools with access to electricity (%)","2020","100.00",""
"SDG: Eastern and South-Eastern Asia","Republic of Korea","4.a","4.a.1","Proportion of primary schools with access to electricity (%)","2022","100.00",""
"SDG: Eastern and South-Eastern Asia","Republic of Korea","4.a","4.a.1","Proportion of primary schools with access to electricity (%)","2019","100.00",""
"SDG: Eastern and South-Eastern Asia","Republic of Korea","4.a","4.a.1","Proportion of primary schools with access to electricity (%)","2018","100.00",""
"SDG: Northern Africa and Western Asia","Kuwait","4.a","4.a.1","Proportion of primary schools with access to electricity (%)","2018","100.00","QUALIFIER: This data point is an ESTIMATE produced by the UNESCO INSTITUTE FOR STATISTICS."
"SDG: Northern Africa and Western Asia","Kuwait","4.a","4.a.1","Proportion of primary schools with access to electricity (%)","2019","100.00",""
"SDG: Northern Africa and Western Asia","Kuwait","4.a","4.a.1","Proportion of primary schools with access to electricity (%)","2021","100.00",""
"SDG: Northern Africa and Western Asia","Kuwait","4.a","4.a.1","Proportion of primary schools with access to electricity (%)","2020","100.00",""
"SDG: Eastern and South-Eastern Asia","Lao People's Democratic Republic","4.a","4.a.1","Proportion of primary schools with access to electricity (%)","2021","57.65","SOURCE:  Country submission ()"
"SDG: Eastern and South-Eastern Asia","Lao People's Democratic Republic","4.a","4.a.1","Proportion of primary schools with access to electricity (%)","2019","50.18","SOURCE: UIS Dynamic Template with data from the UIS Education Survey"
"SDG: Eastern and South-Eastern Asia","Lao People's Democratic Republic","4.a","4.a.1","Proportion of primary schools with access to electricity (%)","2020","54.06","SOURCE: UIS Dynamic Template with data from the UIS Education Survey"
"SDG: Eastern and South-Eastern Asia","Lao People's Democratic Republic","4.a","4.a.1","Proportion of primary schools with access to electricity (%)","2022","59.28","SOURCE:  Country submission ()"
"SDG: Northern Africa and Western Asia","Lebanon","4.a","4.a.1","Proportion of primary schools with access to electricity (%)","2019","100.00",""
"SDG: Northern Africa and Western Asia","Lebanon","4.a","4.a.1","Proportion of primary schools with access to electricity (%)","2018","100.00",""
"SDG: Northern Africa and Western Asia","Lebanon","4.a","4.a.1","Proportion of primary schools with access to electricity (%)","2022","100.00",""
"SDG: Northern Africa and Western Asia","Lebanon","4.a","4.a.1","Proportion of primary schools with access to electricity (%)","2020","100.00",""
"SDG: Northern Africa and Western Asia","Lebanon","4.a","4.a.1","Proportion of primary schools with access to electricity (%)","2021","100.00",""
"SDG: Sub-Saharan Africa","Liberia","4.a","4.a.1","Proportion of primary schools with access to electricity (%)","2020","18.55",""
"SDG: Latin America and the Caribbean","Saint Lucia","4.a","4.a.1","Proportion of primary schools with access to electricity (%)","2018","100.00",""
"SDG: Latin America and the Caribbean","Saint Lucia","4.a","4.a.1","Proportion of primary schools with access to electricity (%)","2019","98.75",""
"SDG: Latin America and the Caribbean","Saint Lucia","4.a","4.a.1","Proportion of primary schools with access to electricity (%)","2020","100.00",""
"SDG: Latin America and the Caribbean","Saint Lucia","4.a","4.a.1","Proportion of primary schools with access to electricity (%)","2022","100.00",""
"SDG: Central and Southern Asia","Sri Lanka","4.a","4.a.1","Proportion of primary schools with access to electricity (%)","2021","99.68","SOURCE:  Annual School Census of Sri Lanka  (https://moe.gov.lk/wp-content/uploads/2023/02/School_Census-2021_Summary-Tables-Final-Report1.pdf)"
"SDG: Central and Southern Asia","Sri Lanka","4.a","4.a.1","Proportion of primary schools with access to electricity (%)","2018","99.14","SOURCE: UIS Dynamic Template with data from the UIS Education Survey"
"SDG: Central and Southern Asia","Sri Lanka","4.a","4.a.1","Proportion of primary schools with access to electricity (%)","2019","98.52","SOURCE: UIS Dynamic Template with data from the UIS Education Survey"
"SDG: Central and Southern Asia","Sri Lanka","4.a","4.a.1","Proportion of primary schools with access to electricity (%)","2020","98.85","SOURCE: UIS Dynamic Template with data from the UIS Education Survey"
"SDG: Europe and Northern America","Lithuania","4.a","4.a.1","Proportion of primary schools with access to electricity (%)","2022","100.00",""
"SDG: Europe and Northern America","Lithuania","4.a","4.a.1","Proportion of primary schools with access to electricity (%)","2018","100.00",""
"SDG: Europe and Northern America","Lithuania","4.a","4.a.1","Proportion of primary schools with access to electricity (%)","2019","100.00",""
"SDG: Europe and Northern America","Lithuania","4.a","4.a.1","Proportion of primary schools with access to electricity (%)","2021","100.00",""
"SDG: Europe and Northern America","Lithuania","4.a","4.a.1","Proportion of primary schools with access to electricity (%)","2020","100.00",""
"SDG: Europe and Northern America","Luxembourg","4.a","4.a.1","Proportion of primary schools with access to electricity (%)","2019","100.00",""
"SDG: Europe and Northern America","Luxembourg","4.a","4.a.1","Proportion of primary schools with access to electricity (%)","2018","100.00",""
"SDG: Europe and Northern America","Luxembourg","4.a","4.a.1","Proportion of primary schools with access to electricity (%)","2020","100.00",""
"SDG: Europe and Northern America","Luxembourg","4.a","4.a.1","Proportion of primary schools with access to electricity (%)","2021","100.00",""
"SDG: Europe and Northern America","Latvia","4.a","4.a.1","Proportion of primary schools with access to electricity (%)","2022","100.00",""
"SDG: Eastern and South-Eastern Asia","China, Macao Special Administrative Region","4.a","4.a.1","Proportion of primary schools with access to electricity (%)","2019","100.00",""
"SDG: Eastern and South-Eastern Asia","China, Macao Special Administrative Region","4.a","4.a.1","Proportion of primary schools with access to electricity (%)","2022","100.00",""
"SDG: Eastern and South-Eastern Asia","China, Macao Special Administrative Region","4.a","4.a.1","Proportion of primary schools with access to electricity (%)","2020","100.00",""
"SDG: Eastern and South-Eastern Asia","China, Macao Special Administrative Region","4.a","4.a.1","Proportion of primary schools with access to electricity (%)","2018","100.00",""
"SDG: Eastern and South-Eastern Asia","China, Macao Special Administrative Region","4.a","4.a.1","Proportion of primary schools with access to electricity (%)","2021","100.00",""
"SDG: Northern Africa and Western Asia","Morocco","4.a","4.a.1","Proportion of primary schools with access to electricity (%)","2019","96.19",""
"SDG: Northern Africa and Western Asia","Morocco","4.a","4.a.1","Proportion of primary schools with access to electricity (%)","2020","97.15",""
"SDG: Northern Africa and Western Asia","Morocco","4.a","4.a.1","Proportion of primary schools with access to electricity (%)","2018","95.65",""
"SDG: Northern Africa and Western Asia","Morocco","4.a","4.a.1","Proportion of primary schools with access to electricity (%)","2021","97.46",""
"SDG: Northern Africa and Western Asia","Morocco","4.a","4.a.1","Proportion of primary schools with access to electricity (%)","2022","97.75",""
"SDG: Europe and Northern America","Monaco","4.a","4.a.1","Proportion of primary schools with access to electricity (%)","2018","100.00",""
"SDG: Europe and Northern America","Monaco","4.a","4.a.1","Proportion of primary schools with access to electricity (%)","2020","100.00",""
"SDG: Europe and Northern America","Monaco","4.a","4.a.1","Proportion of primary schools with access to electricity (%)","2021","100.00",""
"SDG: Europe and Northern America","Monaco","4.a","4.a.1","Proportion of primary schools with access to electricity (%)","2019","100.00",""
"SDG: Europe and Northern America","Monaco","4.a","4.a.1","Proportion of primary schools with access to electricity (%)","2023","100.00",""
"SDG: Europe and Northern America","Monaco","4.a","4.a.1","Proportion of primary schools with access to electricity (%)","2022","100.00",""
"SDG: Europe and Northern America","Republic of Moldova","4.a","4.a.1","Proportion of primary schools with access to electricity (%)","2019","100.00",""
"SDG: Europe and Northern America","Republic of Moldova","4.a","4.a.1","Proportion of primary schools with access to electricity (%)","2018","100.00",""
"SDG: Sub-Saharan Africa","Madagascar","4.a","4.a.1","Proportion of primary schools with access to electricity (%)","2019","8.24",""
"SDG: Sub-Saharan Africa","Madagascar","4.a","4.a.1","Proportion of primary schools with access to electricity (%)","2022","11.20","SOURCE:  Madagascar_SDG 4_2022_FR_QA_QC ()"
"SDG: Sub-Saharan Africa","Madagascar","4.a","4.a.1","Proportion of primary schools with access to electricity (%)","2018","8.32",""
"SDG: Central and Southern Asia","Maldives","4.a","4.a.1","Proportion of primary schools with access to electricity (%)","2019","100.00",""
"SDG: Central and Southern Asia","Maldives","4.a","4.a.1","Proportion of primary schools with access to electricity (%)","2018","100.00",""
"SDG: Latin America and the Caribbean","Mexico","4.a","4.a.1","Proportion of primary schools with access to electricity (%)","2021","89.42",""
"SDG: Oceania","Marshall Islands","4.a","4.a.1","Proportion of primary schools with access to electricity (%)","2019","74.47",""
"SDG: Oceania","Marshall Islands","4.a","4.a.1","Proportion of primary schools with access to electricity (%)","2021","73.91",""
"SDG: Oceania","Marshall Islands","4.a","4.a.1","Proportion of primary schools with access to electricity (%)","2022","86.96",""
"SDG: Oceania","Marshall Islands","4.a","4.a.1","Proportion of primary schools with access to electricity (%)","2020","74.47",""
"SDG: Eastern and South-Eastern Asia","Myanmar","4.a","4.a.1","Proportion of primary schools with access to electricity (%)","2019","63.81","SOURCE:  SEAPLM 2019 (percent of students at schools with specified characteristics)"
"SDG: Eastern and South-Eastern Asia","Mongolia","4.a","4.a.1","Proportion of primary schools with access to electricity (%)","2022","100.00","SOURCE:  Country submission ()"
"SDG: Sub-Saharan Africa","Mauritania","4.a","4.a.1","Proportion of primary schools with access to electricity (%)","2019","44.00",""
"SDG: Sub-Saharan Africa","Mauritania","4.a","4.a.1","Proportion of primary schools with access to electricity (%)","2018","39.57",""
"SDG: Latin America and the Caribbean","Montserrat","4.a","4.a.1","Proportion of primary schools with access to electricity (%)","2018","100.00",""
"SDG: Latin America and the Caribbean","Montserrat","4.a","4.a.1","Proportion of primary schools with access to electricity (%)","2019","100.00",""
"SDG: Sub-Saharan Africa","Mauritius","4.a","4.a.1","Proportion of primary schools with access to electricity (%)","2018","100.00",""
"SDG: Sub-Saharan Africa","Mauritius","4.a","4.a.1","Proportion of primary schools with access to electricity (%)","2021","100.00",""
"SDG: Sub-Saharan Africa","Mauritius","4.a","4.a.1","Proportion of primary schools with access to electricity (%)","2020","100.00",""
"SDG: Sub-Saharan Africa","Malawi","4.a","4.a.1","Proportion of primary schools with access to electricity (%)","2018","24.96",""
"SDG: Sub-Saharan Africa","Malawi","4.a","4.a.1","Proportion of primary schools with access to electricity (%)","2022","30.00","SOURCE:  Malawi Education Statistics Report 2022 (http://www.education.gov.mw/index.php/edu-resources/2022-education-statistics)"
"SDG: Sub-Saharan Africa","Malawi","4.a","4.a.1","Proportion of primary schools with access to electricity (%)","2023","32.31","SOURCE:  Malawi Education Statistics Report 2023 (Country submission)"
"SDG: Sub-Saharan Africa","Malawi","4.a","4.a.1","Proportion of primary schools with access to electricity (%)","2019","27.30",""
"SDG: Eastern and South-Eastern Asia","Malaysia","4.a","4.a.1","Proportion of primary schools with access to electricity (%)","2018","99.99","SOURCE:  UIS Questionnaire A (https://emisonline.moe.gov.my/risalahmap/; https://www.moe.gov.my/menumedia/media-cetak/penerbitan/buku-perangkaan-pendidikan-malaysia/5641-buku-perangkaan-pendidikan-malaysia-2022-1/file)"
"SDG: Eastern and South-Eastern Asia","Malaysia","4.a","4.a.1","Proportion of primary schools with access to electricity (%)","2022","100.00","SOURCE:  Country submission (https://emisonline.moe.gov.my/risalahmap/; https://www.moe.gov.my/menumedia/media-cetak/penerbitan/buku-perangkaan-pendidikan-malaysia/5641-buku-perangkaan-pendidikan-malaysia-2022-1/file)"
"SDG: Eastern and South-Eastern Asia","Malaysia","4.a","4.a.1","Proportion of primary schools with access to electricity (%)","2021","100.00","SOURCE:  Country submission (https://emisonline.moe.gov.my/risalahmap/; https://www.moe.gov.my/menumedia/media-cetak/penerbitan/buku-perangkaan-pendidikan-malaysia/5641-buku-perangkaan-pendidikan-malaysia-2022-1/file)"
"SDG: Eastern and South-Eastern Asia","Malaysia","4.a","4.a.1","Proportion of primary schools with access to electricity (%)","2020","100.00","SOURCE:  UIS Questionnaire A (https://emisonline.moe.gov.my/risalahmap/; https://www.moe.gov.my/menumedia/media-cetak/penerbitan/buku-perangkaan-pendidikan-malaysia/5641-buku-perangkaan-pendidikan-malaysia-2022-1/file)"
"SDG: Eastern and South-Eastern Asia","Malaysia","4.a","4.a.1","Proportion of primary schools with access to electricity (%)","2019","99.99","SOURCE:  UIS Questionnaire A (https://emisonline.moe.gov.my/risalahmap/; https://www.moe.gov.my/menumedia/media-cetak/penerbitan/buku-perangkaan-pendidikan-malaysia/5641-buku-perangkaan-pendidikan-malaysia-2022-1/file)"
"SDG: Sub-Saharan Africa","Namibia","4.a","4.a.1","Proportion of primary schools with access to electricity (%)","2018","72.55",""
"SDG: Sub-Saharan Africa","Namibia","4.a","4.a.1","Proportion of primary schools with access to electricity (%)","2022","83.04","SOURCE:  EMIS Education Statistics 2022 ()"
"SDG: Sub-Saharan Africa","Niger","4.a","4.a.1","Proportion of primary schools with access to electricity (%)","2021","10.29",""
"SDG: Sub-Saharan Africa","Niger","4.a","4.a.1","Proportion of primary schools with access to electricity (%)","2019","6.73",""
"SDG: Sub-Saharan Africa","Niger","4.a","4.a.1","Proportion of primary schools with access to electricity (%)","2020","5.16","SOURCE:  RAPPORT DENQUETE AUPRES DES INSPECTIONS PRIMAIRES 2019-2020 (https://www.stat-niger.org/wp-content/uploads/publication_sectorielle/Annuaire_2020_DSMEP_synthese_validation01032021_1.pdf)"
"SDG: Sub-Saharan Africa","Niger","4.a","4.a.1","Proportion of primary schools with access to electricity (%)","2018","5.40",""
"SDG: Oceania","Niue","4.a","4.a.1","Proportion of primary schools with access to electricity (%)","2021","100.00",""
"SDG: Oceania","Niue","4.a","4.a.1","Proportion of primary schools with access to electricity (%)","2019","100.00",""
"SDG: Oceania","Niue","4.a","4.a.1","Proportion of primary schools with access to electricity (%)","2020","100.00",""
"SDG: Europe and Northern America","Netherlands","4.a","4.a.1","Proportion of primary schools with access to electricity (%)","2018","100.00",""
"SDG: Europe and Northern America","Netherlands","4.a","4.a.1","Proportion of primary schools with access to electricity (%)","2019","100.00",""
"SDG: Europe and Northern America","Netherlands","4.a","4.a.1","Proportion of primary schools with access to electricity (%)","2022","100.00",""
"SDG: Europe and Northern America","Netherlands","4.a","4.a.1","Proportion of primary schools with access to electricity (%)","2021","100.00",""
"SDG: Europe and Northern America","Netherlands","4.a","4.a.1","Proportion of primary schools with access to electricity (%)","2020","100.00",""
"SDG: Europe and Northern America","Norway","4.a","4.a.1","Proportion of primary schools with access to electricity (%)","2018","100.00",""
"SDG: Europe and Northern America","Norway","4.a","4.a.1","Proportion of primary schools with access to electricity (%)","2020","100.00",""
"SDG: Europe and Northern America","Norway","4.a","4.a.1","Proportion of primary schools with access to electricity (%)","2019","100.00",""
"SDG: Europe and Northern America","Norway","4.a","4.a.1","Proportion of primary schools with access to electricity (%)","2021","100.00",""
"SDG: Europe and Northern America","Norway","4.a","4.a.1","Proportion of primary schools with access to electricity (%)","2022","100.00",""
"SDG: Central and Southern Asia","Nepal","4.a","4.a.1","Proportion of primary schools with access to electricity (%)","2020","50.31",""
"SDG: Central and Southern Asia","Nepal","4.a","4.a.1","Proportion of primary schools with access to electricity (%)","2023","46.68","SOURCE:  Country submission ()"
"SDG: Oceania","Nauru","4.a","4.a.1","Proportion of primary schools with access to electricity (%)","2020","100.00",""
"SDG: Oceania","Nauru","4.a","4.a.1","Proportion of primary schools with access to electricity (%)","2022","100.00",""
"SDG: Oceania","Nauru","4.a","4.a.1","Proportion of primary schools with access to electricity (%)","2019","100.00",""
"SDG: Northern Africa and Western Asia","Oman","4.a","4.a.1","Proportion of primary schools with access to electricity (%)","2022","100.00",""
"SDG: Northern Africa and Western Asia","Oman","4.a","4.a.1","Proportion of primary schools with access to electricity (%)","2021","100.00",""
"SDG: Northern Africa and Western Asia","Oman","4.a","4.a.1","Proportion of primary schools with access to electricity (%)","2018","100.00",""
"SDG: Northern Africa and Western Asia","Oman","4.a","4.a.1","Proportion of primary schools with access to electricity (%)","2019","100.00",""
"SDG: Northern Africa and Western Asia","Oman","4.a","4.a.1","Proportion of primary schools with access to electricity (%)","2020","100.00",""
"SDG: Central and Southern Asia","Pakistan","4.a","4.a.1","Proportion of primary schools with access to electricity (%)","2021","41.56","SOURCE:  Pakistan Education Statisitcs 2020-21 (www.pie.edu.pk  )"
"SDG: Latin America and the Caribbean","Panama","4.a","4.a.1","Proportion of primary schools with access to electricity (%)","2020","82.25",""
"SDG: Latin America and the Caribbean","Panama","4.a","4.a.1","Proportion of primary schools with access to electricity (%)","2019","82.25",""
"SDG: Latin America and the Caribbean","Peru","4.a","4.a.1","Proportion of primary schools with access to electricity (%)","2019","89.37",""
"SDG: Latin America and the Caribbean","Peru","4.a","4.a.1","Proportion of primary schools with access to electricity (%)","2020","85.31",""
"SDG: Latin America and the Caribbean","Peru","4.a","4.a.1","Proportion of primary schools with access to electricity (%)","2022","83.99",""
"SDG: Latin America and the Caribbean","Peru","4.a","4.a.1","Proportion of primary schools with access to electricity (%)","2021","83.30",""
"SDG: Latin America and the Caribbean","Peru","4.a","4.a.1","Proportion of primary schools with access to electricity (%)","2018","79.93",""
"SDG: Eastern and South-Eastern Asia","Philippines","4.a","4.a.1","Proportion of primary schools with access to electricity (%)","2018","93.94","SOURCE:  Learner Information System (LIS) Basic Education Information System (BEIS) ()"
"SDG: Eastern and South-Eastern Asia","Philippines","4.a","4.a.1","Proportion of primary schools with access to electricity (%)","2020","97.54","SOURCE:  Learner Information System (LIS) Basic Education Information System (BEIS) ()"
"SDG: Eastern and South-Eastern Asia","Philippines","4.a","4.a.1","Proportion of primary schools with access to electricity (%)","2019","96.13","SOURCE:  Learner Information System (LIS) Basic Education Information System (BEIS) ()"
"SDG: Eastern and South-Eastern Asia","Philippines","4.a","4.a.1","Proportion of primary schools with access to electricity (%)","2021","98.02","SOURCE:  Learner Information System (LIS) Basic Education Information System (BEIS) ()"
"SDG: Oceania","Palau","4.a","4.a.1","Proportion of primary schools with access to electricity (%)","2021","100.00",""
"SDG: Oceania","Palau","4.a","4.a.1","Proportion of primary schools with access to electricity (%)","2020","84.21",""
"SDG: Europe and Northern America","Poland","4.a","4.a.1","Proportion of primary schools with access to electricity (%)","2021","100.00",""
"SDG: Europe and Northern America","Poland","4.a","4.a.1","Proportion of primary schools with access to electricity (%)","2020","100.00",""
"SDG: Europe and Northern America","Poland","4.a","4.a.1","Proportion of primary schools with access to electricity (%)","2018","100.00",""
"SDG: Europe and Northern America","Poland","4.a","4.a.1","Proportion of primary schools with access to electricity (%)","2019","100.00",""
"SDG: Europe and Northern America","Portugal","4.a","4.a.1","Proportion of primary schools with access to electricity (%)","2019","100.00",""
"SDG: Europe and Northern America","Portugal","4.a","4.a.1","Proportion of primary schools with access to electricity (%)","2018","100.00",""
"SDG: Europe and Northern America","Portugal","4.a","4.a.1","Proportion of primary schools with access to electricity (%)","2021","100.00",""
"SDG: Europe and Northern America","Portugal","4.a","4.a.1","Proportion of primary schools with access to electricity (%)","2020","100.00",""
"SDG: Northern Africa and Western Asia","Palestine","4.a","4.a.1","Proportion of primary schools with access to electricity (%)","2019","100.00",""
"SDG: Northern Africa and Western Asia","Palestine","4.a","4.a.1","Proportion of primary schools with access to electricity (%)","2020","100.00",""
"SDG: Northern Africa and Western Asia","Palestine","4.a","4.a.1","Proportion of primary schools with access to electricity (%)","2021","100.00",""
"SDG: Northern Africa and Western Asia","Palestine","4.a","4.a.1","Proportion of primary schools with access to electricity (%)","2018","100.00",""
"SDG: Northern Africa and Western Asia","Palestine","4.a","4.a.1","Proportion of primary schools with access to electricity (%)","2022","100.00",""
"SDG: Northern Africa and Western Asia","Qatar","4.a","4.a.1","Proportion of primary schools with access to electricity (%)","2022","100.00",""
"SDG: Northern Africa and Western Asia","Qatar","4.a","4.a.1","Proportion of primary schools with access to electricity (%)","2020","100.00",""
"SDG: Northern Africa and Western Asia","Qatar","4.a","4.a.1","Proportion of primary schools with access to electricity (%)","2018","100.00",""
"SDG: Northern Africa and Western Asia","Qatar","4.a","4.a.1","Proportion of primary schools with access to electricity (%)","2021","100.00",""
"SDG: Northern Africa and Western Asia","Qatar","4.a","4.a.1","Proportion of primary schools with access to electricity (%)","2019","100.00",""
"SDG: Sub-Saharan Africa","Rwanda","4.a","4.a.1","Proportion of primary schools with access to electricity (%)","2019","60.79",""
"SDG: Sub-Saharan Africa","Rwanda","4.a","4.a.1","Proportion of primary schools with access to electricity (%)","2021","67.22",""
"SDG: Sub-Saharan Africa","Rwanda","4.a","4.a.1","Proportion of primary schools with access to electricity (%)","2018","58.20","SOURCE:  2018 EDUCATION STATISTICS (https://www.mineduc.gov.rw/fileadmin/user_upload/Mineduc/Publications/EDUCATION_STATISTICS/03_Rwanda_Education_Statistics_Year2018.pdf)"
"SDG: Northern Africa and Western Asia","Saudi Arabia","4.a","4.a.1","Proportion of primary schools with access to electricity (%)","2019","100.00",""
"SDG: Northern Africa and Western Asia","Saudi Arabia","4.a","4.a.1","Proportion of primary schools with access to electricity (%)","2022","100.00",""
"SDG: Northern Africa and Western Asia","Saudi Arabia","4.a","4.a.1","Proportion of primary schools with access to electricity (%)","2020","100.00",""
"SDG: Northern Africa and Western Asia","Saudi Arabia","4.a","4.a.1","Proportion of primary schools with access to electricity (%)","2018","100.00",""
"SDG: Northern Africa and Western Asia","Saudi Arabia","4.a","4.a.1","Proportion of primary schools with access to electricity (%)","2021","100.00",""
"SDG: Sub-Saharan Africa","Senegal","4.a","4.a.1","Proportion of primary schools with access to electricity (%)","2020","45.69",""
"SDG: Sub-Saharan Africa","Senegal","4.a","4.a.1","Proportion of primary schools with access to electricity (%)","2021","48.66",""
"SDG: Sub-Saharan Africa","Senegal","4.a","4.a.1","Proportion of primary schools with access to electricity (%)","2022","50.87",""
"SDG: Sub-Saharan Africa","Senegal","4.a","4.a.1","Proportion of primary schools with access to electricity (%)","2019","44.10",""
"SDG: Eastern and South-Eastern Asia","Singapore","4.a","4.a.1","Proportion of primary schools with access to electricity (%)","2021","100.00",""
"SDG: Eastern and South-Eastern Asia","Singapore","4.a","4.a.1","Proportion of primary schools with access to electricity (%)","2018","100.00",""
"SDG: Eastern and South-Eastern Asia","Singapore","4.a","4.a.1","Proportion of primary schools with access to electricity (%)","2019","100.00",""
"SDG: Eastern and South-Eastern Asia","Singapore","4.a","4.a.1","Proportion of primary schools with access to electricity (%)","2020","100.00",""
"SDG: Oceania","Solomon Islands","4.a","4.a.1","Proportion of primary schools with access to electricity (%)","2018","49.65",""
"SDG: Oceania","Solomon Islands","4.a","4.a.1","Proportion of primary schools with access to electricity (%)","2019","56.10",""
"SDG: Sub-Saharan Africa","Sierra Leone","4.a","4.a.1","Proportion of primary schools with access to electricity (%)","2020","13.96",""
"SDG: Sub-Saharan Africa","Sierra Leone","4.a","4.a.1","Proportion of primary schools with access to electricity (%)","2019","13.04",""
"SDG: Sub-Saharan Africa","Sierra Leone","4.a","4.a.1","Proportion of primary schools with access to electricity (%)","2018","5.61",""
"SDG: Sub-Saharan Africa","Sierra Leone","4.a","4.a.1","Proportion of primary schools with access to electricity (%)","2021","15.71",""
"SDG: Latin America and the Caribbean","El Salvador","4.a","4.a.1","Proportion of primary schools with access to electricity (%)","2018","98.39",""
"SDG: Europe and Northern America","San Marino","4.a","4.a.1","Proportion of primary schools with access to electricity (%)","2022","100.00",""
"SDG: Europe and Northern America","San Marino","4.a","4.a.1","Proportion of primary schools with access to electricity (%)","2021","100.00",""
"SDG: Europe and Northern America","San Marino","4.a","4.a.1","Proportion of primary schools with access to electricity (%)","2018","100.00",""
"SDG: Europe and Northern America","San Marino","4.a","4.a.1","Proportion of primary schools with access to electricity (%)","2020","100.00",""
"SDG: Europe and Northern America","San Marino","4.a","4.a.1","Proportion of primary schools with access to electricity (%)","2019","100.00",""
"SDG: Europe and Northern America","Slovakia","4.a","4.a.1","Proportion of primary schools with access to electricity (%)","2020","100.00",""
"SDG: Europe and Northern America","Slovakia","4.a","4.a.1","Proportion of primary schools with access to electricity (%)","2018","100.00",""
"SDG: Europe and Northern America","Slovakia","4.a","4.a.1","Proportion of primary schools with access to electricity (%)","2022","100.00",""
"SDG: Europe and Northern America","Slovakia","4.a","4.a.1","Proportion of primary schools with access to electricity (%)","2021","100.00",""
"SDG: Europe and Northern America","Slovakia","4.a","4.a.1","Proportion of primary schools with access to electricity (%)","2019","100.00",""
"SDG: Europe and Northern America","Slovenia","4.a","4.a.1","Proportion of primary schools with access to electricity (%)","2018","100.00",""
"SDG: Europe and Northern America","Slovenia","4.a","4.a.1","Proportion of primary schools with access to electricity (%)","2022","100.00",""
"SDG: Europe and Northern America","Slovenia","4.a","4.a.1","Proportion of primary schools with access to electricity (%)","2019","100.00",""
"SDG: Europe and Northern America","Slovenia","4.a","4.a.1","Proportion of primary schools with access to electricity (%)","2021","100.00",""
"SDG: Europe and Northern America","Slovenia","4.a","4.a.1","Proportion of primary schools with access to electricity (%)","2020","100.00",""
"SDG: Europe and Northern America","Sweden","4.a","4.a.1","Proportion of primary schools with access to electricity (%)","2018","100.00",""
"SDG: Europe and Northern America","Sweden","4.a","4.a.1","Proportion of primary schools with access to electricity (%)","2021","100.00",""
"SDG: Europe and Northern America","Sweden","4.a","4.a.1","Proportion of primary schools with access to electricity (%)","2020","100.00",""
"SDG: Europe and Northern America","Sweden","4.a","4.a.1","Proportion of primary schools with access to electricity (%)","2019","100.00",""
"SDG: Sub-Saharan Africa","Eswatini","4.a","4.a.1","Proportion of primary schools with access to electricity (%)","2019","99.09",""
"SDG: Sub-Saharan Africa","Eswatini","4.a","4.a.1","Proportion of primary schools with access to electricity (%)","2018","100.00",""
"SDG: Sub-Saharan Africa","Seychelles","4.a","4.a.1","Proportion of primary schools with access to electricity (%)","2019","100.00",""
"SDG: Sub-Saharan Africa","Seychelles","4.a","4.a.1","Proportion of primary schools with access to electricity (%)","2020","100.00",""
"SDG: Sub-Saharan Africa","Seychelles","4.a","4.a.1","Proportion of primary schools with access to electricity (%)","2022","100.00",""
"SDG: Sub-Saharan Africa","Seychelles","4.a","4.a.1","Proportion of primary schools with access to electricity (%)","2018","100.00",""
"SDG: Sub-Saharan Africa","Seychelles","4.a","4.a.1","Proportion of primary schools with access to electricity (%)","2021","100.00",""
"SDG: Northern Africa and Western Asia","Syrian Arab Republic","4.a","4.a.1","Proportion of primary schools with access to electricity (%)","2022","81.71",""
"SDG: Northern Africa and Western Asia","Syrian Arab Republic","4.a","4.a.1","Proportion of primary schools with access to electricity (%)","2020","80.86",""
"SDG: Northern Africa and Western Asia","Syrian Arab Republic","4.a","4.a.1","Proportion of primary schools with access to electricity (%)","2023","84.92",""
"SDG: Northern Africa and Western Asia","Syrian Arab Republic","4.a","4.a.1","Proportion of primary schools with access to electricity (%)","2021","78.89",""
"SDG: Latin America and the Caribbean","Turks and Caicos Islands","4.a","4.a.1","Proportion of primary schools with access to electricity (%)","2018","100.00",""
"SDG: Latin America and the Caribbean","Turks and Caicos Islands","4.a","4.a.1","Proportion of primary schools with access to electricity (%)","2022","100.00",""
"SDG: Latin America and the Caribbean","Turks and Caicos Islands","4.a","4.a.1","Proportion of primary schools with access to electricity (%)","2021","100.00",""
"SDG: Latin America and the Caribbean","Turks and Caicos Islands","4.a","4.a.1","Proportion of primary schools with access to electricity (%)","2020","100.00",""
"SDG: Sub-Saharan Africa","Chad","4.a","4.a.1","Proportion of primary schools with access to electricity (%)","2019","2.90",""
"SDG: Sub-Saharan Africa","Chad","4.a","4.a.1","Proportion of primary schools with access to electricity (%)","2018","3.38",""
"SDG: Sub-Saharan Africa","Chad","4.a","4.a.1","Proportion of primary schools with access to electricity (%)","2021","4.09",""
"SDG: Sub-Saharan Africa","Chad","4.a","4.a.1","Proportion of primary schools with access to electricity (%)","2022","1.02",""
"SDG: Sub-Saharan Africa","Togo","4.a","4.a.1","Proportion of primary schools with access to electricity (%)","2019","22.14",""
"SDG: Sub-Saharan Africa","Togo","4.a","4.a.1","Proportion of primary schools with access to electricity (%)","2020","22.71",""
"SDG: Sub-Saharan Africa","Togo","4.a","4.a.1","Proportion of primary schools with access to electricity (%)","2022","28.66",""
"SDG: Sub-Saharan Africa","Togo","4.a","4.a.1","Proportion of primary schools with access to electricity (%)","2018","24.95",""
"SDG: Sub-Saharan Africa","Togo","4.a","4.a.1","Proportion of primary schools with access to electricity (%)","2021","25.03",""
"SDG: Eastern and South-Eastern Asia","Thailand","4.a","4.a.1","Proportion of primary schools with access to electricity (%)","2021","99.87","SOURCE:  Office of the Education Council ()"
"SDG: Eastern and South-Eastern Asia","Thailand","4.a","4.a.1","Proportion of primary schools with access to electricity (%)","2019","99.82","SOURCE:  Office of the Education Council ()"
"SDG: Eastern and South-Eastern Asia","Thailand","4.a","4.a.1","Proportion of primary schools with access to electricity (%)","2022","99.94","SOURCE:  Office of the Education Council ()"
"SDG: Eastern and South-Eastern Asia","Thailand","4.a","4.a.1","Proportion of primary schools with access to electricity (%)","2020","99.84","SOURCE:  Office of the Education Council ()"
"SDG: Eastern and South-Eastern Asia","Thailand","4.a","4.a.1","Proportion of primary schools with access to electricity (%)","2023","99.90","SOURCE:  Office of the Education Council ()"
"SDG: Oceania","Tokelau","4.a","4.a.1","Proportion of primary schools with access to electricity (%)","2019","100.00",""
"SDG: Oceania","Tokelau","4.a","4.a.1","Proportion of primary schools with access to electricity (%)","2023","100.00",""
"SDG: Oceania","Tokelau","4.a","4.a.1","Proportion of primary schools with access to electricity (%)","2020","100.00",""
"SDG: Oceania","Tokelau","4.a","4.a.1","Proportion of primary schools with access to electricity (%)","2021","100.00",""
"SDG: Central and Southern Asia","Turkmenistan","4.a","4.a.1","Proportion of primary schools with access to electricity (%)","2019","100.00",""
"SDG: Central Asia","Turkmenistan","4.a","4.a.1","Proportion of primary schools with access to electricity (%)","2019","100.00",""
"SDG: Central and Southern Asia","Turkmenistan","4.a","4.a.1","Proportion of primary schools with access to electricity (%)","2021","100.00",""
"SDG: Central Asia","Turkmenistan","4.a","4.a.1","Proportion of primary schools with access to electricity (%)","2021","100.00",""
"SDG: Central and Southern Asia","Turkmenistan","4.a","4.a.1","Proportion of primary schools with access to electricity (%)","2020","100.00",""
"SDG: Central Asia","Turkmenistan","4.a","4.a.1","Proportion of primary schools with access to electricity (%)","2020","100.00",""
"SDG: Central and Southern Asia","Turkmenistan","4.a","4.a.1","Proportion of primary schools with access to electricity (%)","2022","100.00",""
"SDG: Central Asia","Turkmenistan","4.a","4.a.1","Proportion of primary schools with access to electricity (%)","2022","100.00",""
"SDG: Eastern and South-Eastern Asia","Timor-Leste","4.a","4.a.1","Proportion of primary schools with access to electricity (%)","2019","84.19","SOURCE: UIS Dynamic Template with data from the UIS Education Survey"
"SDG: Eastern and South-Eastern Asia","Timor-Leste","4.a","4.a.1","Proportion of primary schools with access to electricity (%)","2018","82.14","SOURCE: UIS Dynamic Template with data from the UIS Education Survey"
"SDG: Oceania","Tonga","4.a","4.a.1","Proportion of primary schools with access to electricity (%)","2021","91.60","SOURCE:  Country submission ()"
"SDG: Oceania","Tonga","4.a","4.a.1","Proportion of primary schools with access to electricity (%)","2022","92.31","SOURCE:  Country submission ()"
"SDG: Oceania","Tonga","4.a","4.a.1","Proportion of primary schools with access to electricity (%)","2020","83.21","SOURCE: UIS Dynamic Template with data from the UIS Education Survey"
"SDG: Northern Africa and Western Asia","Tunisia","4.a","4.a.1","Proportion of primary schools with access to electricity (%)","2020","99.92",""
"SDG: Northern Africa and Western Asia","Tunisia","4.a","4.a.1","Proportion of primary schools with access to electricity (%)","2018","99.94",""
"SDG: Northern Africa and Western Asia","Tunisia","4.a","4.a.1","Proportion of primary schools with access to electricity (%)","2021","99.94",""
"SDG: Northern Africa and Western Asia","Türkiye","4.a","4.a.1","Proportion of primary schools with access to electricity (%)","2019","100.00",""
"SDG: Northern Africa and Western Asia","Türkiye","4.a","4.a.1","Proportion of primary schools with access to electricity (%)","2022","100.00",""
"SDG: Northern Africa and Western Asia","Türkiye","4.a","4.a.1","Proportion of primary schools with access to electricity (%)","2021","100.00",""
"SDG: Northern Africa and Western Asia","Türkiye","4.a","4.a.1","Proportion of primary schools with access to electricity (%)","2020","100.00",""
"SDG: Northern Africa and Western Asia","Türkiye","4.a","4.a.1","Proportion of primary schools with access to electricity (%)","2018","100.00",""
"SDG: Oceania","Tuvalu","4.a","4.a.1","Proportion of primary schools with access to electricity (%)","2018","100.00",""
"SDG: Oceania","Tuvalu","4.a","4.a.1","Proportion of primary schools with access to electricity (%)","2020","90.00",""
"SDG: Oceania","Tuvalu","4.a","4.a.1","Proportion of primary schools with access to electricity (%)","2021","90.00",""
"SDG: Oceania","Tuvalu","4.a","4.a.1","Proportion of primary schools with access to electricity (%)","2022","90.00",""
"SDG: Oceania","Tuvalu","4.a","4.a.1","Proportion of primary schools with access to electricity (%)","2019","100.00",""
"SDG: Sub-Saharan Africa","United Republic of Tanzania","4.a","4.a.1","Proportion of primary schools with access to electricity (%)","2020","43.46",""
"SDG: Sub-Saharan Africa","United Republic of Tanzania","4.a","4.a.1","Proportion of primary schools with access to electricity (%)","2022","56.04","SOURCE:  Country submission ()"
"SDG: Sub-Saharan Africa","United Republic of Tanzania","4.a","4.a.1","Proportion of primary schools with access to electricity (%)","2021","48.80",""
"SDG: Sub-Saharan Africa","United Republic of Tanzania","4.a","4.a.1","Proportion of primary schools with access to electricity (%)","2019","37.33",""
"SDG: Europe and Northern America","Ukraine","4.a","4.a.1","Proportion of primary schools with access to electricity (%)","2019","100.00",""
"SDG: Europe and Northern America","Ukraine","4.a","4.a.1","Proportion of primary schools with access to electricity (%)","2021","100.00",""
"SDG: Europe and Northern America","Ukraine","4.a","4.a.1","Proportion of primary schools with access to electricity (%)","2020","100.00",""
"SDG: Europe and Northern America","Ukraine","4.a","4.a.1","Proportion of primary schools with access to electricity (%)","2018","100.00",""
"SDG: Latin America and the Caribbean","Uruguay","4.a","4.a.1","Proportion of primary schools with access to electricity (%)","2020","99.88",""
"SDG: Latin America and the Caribbean","Uruguay","4.a","4.a.1","Proportion of primary schools with access to electricity (%)","2019","100.00",""
"SDG: Latin America and the Caribbean","Uruguay","4.a","4.a.1","Proportion of primary schools with access to electricity (%)","2021","100.00",""
"SDG: Latin America and the Caribbean","Uruguay","4.a","4.a.1","Proportion of primary schools with access to electricity (%)","2018","100.00",""
"SDG: Europe and Northern America","United States of America","4.a","4.a.1","Proportion of primary schools with access to electricity (%)","2019","100.00",""
"SDG: Central and Southern Asia","Uzbekistan","4.a","4.a.1","Proportion of primary schools with access to electricity (%)","2021","99.73","SOURCE: UIS Dynamic Template with data from the UIS Education Survey"
"SDG: Central Asia","Uzbekistan","4.a","4.a.1","Proportion of primary schools with access to electricity (%)","2021","99.73","SOURCE: UIS Dynamic Template with data from the UIS Education Survey"
"SDG: Central and Southern Asia","Uzbekistan","4.a","4.a.1","Proportion of primary schools with access to electricity (%)","2019","99.19","SOURCE: UIS Dynamic Template with data from the UIS Education Survey"
"SDG: Central Asia","Uzbekistan","4.a","4.a.1","Proportion of primary schools with access to electricity (%)","2019","99.19","SOURCE: UIS Dynamic Template with data from the UIS Education Survey"
"SDG: Central and Southern Asia","Uzbekistan","4.a","4.a.1","Proportion of primary schools with access to electricity (%)","2023","99.67","SOURCE:  Country representation"
"SDG: Central Asia","Uzbekistan","4.a","4.a.1","Proportion of primary schools with access to electricity (%)","2023","99.67","SOURCE:  Country representation"
"SDG: Central and Southern Asia","Uzbekistan","4.a","4.a.1","Proportion of primary schools with access to electricity (%)","2022","99.82","SOURCE:  Country representation"
"SDG: Central Asia","Uzbekistan","4.a","4.a.1","Proportion of primary schools with access to electricity (%)","2022","99.82","SOURCE:  Country representation"
"SDG: Central and Southern Asia","Uzbekistan","4.a","4.a.1","Proportion of primary schools with access to electricity (%)","2018","98.46","SOURCE: UIS Dynamic Template with data from the UIS Education Survey"
"SDG: Central Asia","Uzbekistan","4.a","4.a.1","Proportion of primary schools with access to electricity (%)","2018","98.46","SOURCE: UIS Dynamic Template with data from the UIS Education Survey"
"SDG: Central and Southern Asia","Uzbekistan","4.a","4.a.1","Proportion of primary schools with access to electricity (%)","2020","99.79","SOURCE: UIS Dynamic Template with data from the UIS Education Survey"
"SDG: Central Asia","Uzbekistan","4.a","4.a.1","Proportion of primary schools with access to electricity (%)","2020","99.79","SOURCE: UIS Dynamic Template with data from the UIS Education Survey"
"SDG: Latin America and the Caribbean","Saint Vincent and the Grenadines","4.a","4.a.1","Proportion of primary schools with access to electricity (%)","2018","100.00",""
"SDG: Latin America and the Caribbean","British Virgin Islands","4.a","4.a.1","Proportion of primary schools with access to electricity (%)","2018","100.00",""
"SDG: Latin America and the Caribbean","British Virgin Islands","4.a","4.a.1","Proportion of primary schools with access to electricity (%)","2020","100.00",""
"SDG: Latin America and the Caribbean","British Virgin Islands","4.a","4.a.1","Proportion of primary schools with access to electricity (%)","2022","65.63",""
"SDG: Latin America and the Caribbean","British Virgin Islands","4.a","4.a.1","Proportion of primary schools with access to electricity (%)","2021","100.00",""
"SDG: Latin America and the Caribbean","British Virgin Islands","4.a","4.a.1","Proportion of primary schools with access to electricity (%)","2019","100.00",""
"SDG: Eastern and South-Eastern Asia","Viet Nam","4.a","4.a.1","Proportion of primary schools with access to electricity (%)","2020","96.96","SOURCE:  MOET (https://moet.gov.vn; MOET Statistical Yearbook)"
"SDG: Eastern and South-Eastern Asia","Viet Nam","4.a","4.a.1","Proportion of primary schools with access to electricity (%)","2019","98.91","SOURCE:  SEAPLM 2019 (percent of students at schools with specified characteristics)"
"SDG: Eastern and South-Eastern Asia","Viet Nam","4.a","4.a.1","Proportion of primary schools with access to electricity (%)","2021","93.98","SOURCE:  MOET (https://moet.gov.vn; MOET Statistical Yearbook)"
"SDG: Eastern and South-Eastern Asia","Viet Nam","4.a","4.a.1","Proportion of primary schools with access to electricity (%)","2022","94.69","SOURCE:  MOET (https://moet.gov.vn; MOET Statistical Yearbook)"
"SDG: Oceania","Samoa","4.a","4.a.1","Proportion of primary schools with access to electricity (%)","2021","100.00","SOURCE: UIS Dynamic Template with data from the UIS Education Survey"
"SDG: Oceania","Samoa","4.a","4.a.1","Proportion of primary schools with access to electricity (%)","2019","100.00","SOURCE: UIS Dynamic Template with data from the UIS Education Survey"
"SDG: Oceania","Samoa","4.a","4.a.1","Proportion of primary schools with access to electricity (%)","2018","100.00","SOURCE: UIS Dynamic Template with data from the UIS Education Survey"
"SDG: Oceania","Samoa","4.a","4.a.1","Proportion of primary schools with access to electricity (%)","2020","99.42","SOURCE: UIS Dynamic Template with data from the UIS Education Survey"
"SDG: Oceania","Samoa","4.a","4.a.1","Proportion of primary schools with access to electricity (%)","2022","100.00","SOURCE: UIS Dynamic Template with data from the UIS Education Survey"
"SDG: Sub-Saharan Africa","Zambia","4.a","4.a.1","Proportion of primary schools with access to electricity (%)","2019","39.08","SOURCE:  EDUCATIONAL STATISTICAL BULLETIN 2019 (https://www.edu.gov.zm/wp-content/uploads/2023/01/EDUCATION-STATISTICS-BULLETIN-2019signed.pdf)"
"SDG: Sub-Saharan Africa","Zambia","4.a","4.a.1","Proportion of primary schools with access to electricity (%)","2020","38.76","SOURCE:  EDUCATIONAL STATISTICAL BULLETIN 2020 (https://www.edu.gov.zm/wp-content/uploads/2023/01/EDUCATION-STATISTICS-BULLETIN-2020.pdf)"
"SDG: Sub-Saharan Africa","Zimbabwe","4.a","4.a.1","Proportion of primary schools with access to electricity (%)","2019","59.92",""
"SDG: Sub-Saharan Africa","Zimbabwe","4.a","4.a.1","Proportion of primary schools with access to electricity (%)","2018","54.96",""
"SDG: Sub-Saharan Africa","Zimbabwe","4.a","4.a.1","Proportion of primary schools with access to electricity (%)","2020","60.25",""